article_title,url,status_code,timestamp
Malcolm-Jamal Warner,http://www.nbtf.org/poetry.html,CONNECTION_ERROR,20250722_145011
Malcolm-Jamal Warner,http://popwatch.ew.com/2011/01/21/community-recap-malcolm-jamal-warner/,CONNECTION_ERROR,20250722_145011
Malcolm-Jamal Warner,https://id.worldcat.org/fast/228316,404,20250722_145011
Malcolm-Jamal Warner,https://www.essence.com/news_entertainment/entertainment/articles/flashback_fridays_malcolm_jamal_warner/,404,20250722_145011
Malcolm-Jamal Warner,https://www.nytimes.com/1995/08/20/tv/cover-story-flying-in-the-face-of-discrimination.html,403,20250722_145011
Malcolm-Jamal Warner,https://pqasb.pqarchiver.com/journalnow/access/488314431.html?dids=488314431:488314431,CONNECTION_ERROR,20250722_145011
Malcolm-Jamal Warner,https://snaccooperative.org/ark:/99166/w6gr4wm3,CONNECTION_ERROR,20250722_145011
Malcolm-Jamal Warner,"http://www.people.com/people/archive/article/0,,20127316,00.html",404,20250722_145011
Malcolm-Jamal Warner,http://tvline.com/2015/05/13/american-crime-story-malcolm-jamal-warner-al-cowlings/,404,20250722_145011
Malcolm-Jamal Warner,http://data.bibliotheken.nl/id/thes/p073262897,404,20250722_145011
Malcolm-Jamal Warner,http://www.bet.com/news/national/2012/02/17/bet-receives-15-naacp-image-awards-nominations.html,404,20250722_145011
Malcolm-Jamal Warner,https://twitter.com/malcolmjamalwar,403,20250722_145011
Malcolm-Jamal Warner,https://www.blackfilm.com/read/exclusive-malcolm-jamal-warner-talks-tnt-major-crimes/,CONNECTION_ERROR,20250722_145011
Malcolm-Jamal Warner,https://isni.org/isni/0000000072500865,403,20250722_145011
Malcolm-Jamal Warner,https://www.nytimes.com/2025/07/21/arts/television/malcolm-jamal-warner-dead.html,403,20250722_145011
Malcolm-Jamal Warner,https://lod.nl.go.kr/resource/KAC2020R8186,CONNECTION_ERROR,20250722_145011
Superman (2025 film),https://archive.today/20241102112036/https://people.com/nicholas-hoult-son-shaved-head-lex-luthor-superman-8738399,429,20250722_145011
Superman (2025 film),https://web.archive.org/web/20170730223226/https://ew.com/article/2014/10/15/justice-league-green-lantern-wonder-woman-flash-movies/,CONNECTION_ERROR,20250722_145011
Superman (2025 film),https://web.archive.org/web/20250131182420/https://deadline.com/2025/01/superman-estate-sues-warner-bros-discovery-dc-comics-summer-release-1236274354/,CONNECTION_ERROR,20250722_145011
Superman (2025 film),https://web.archive.org/web/20230608210750/https://deadline.com/2023/06/superman-legacy-screen-tests-clark-kent-lois-lane-1235409997/,CONNECTION_ERROR,20250722_145011
Superman (2025 film),https://web.archive.org/web/20231216032631/https://deadline.com/2023/12/superman-legacy-nathan-fillion-pom-klementieff-miriam-shor-1235669714/,CONNECTION_ERROR,20250722_145011
Superman (2025 film),https://web.archive.org/web/20250708190618/https://www.nytimes.com/2025/07/08/movies/superman-review.html,CONNECTION_ERROR,20250722_145011
Superman (2025 film),https://web.archive.org/web/20180619062836/https://collider.com/man-of-steel-2-director-matthew-vaughn/,CONNECTION_ERROR,20250722_145011
Superman (2025 film),https://web.archive.org/web/20250529035635/https://comicbook.com/movies/news/nathan-fillion-based-his-superman-character-on-a-surprising-sitcom-legend/,CONNECTION_ERROR,20250722_145011
Superman (2025 film),https://web.archive.org/web/20230713191744/https://deadline.com/2023/07/actors-strike-sag-aftra-hollywood-studios-1235436118/,CONNECTION_ERROR,20250722_145011
Superman (2025 film),https://web.archive.org/web/20250227181503/https://www.thewrap.com/ricky-strauss-sueprman-marketing-consultant-dc-studios/,CONNECTION_ERROR,20250722_145011
Superman (2025 film),https://web.archive.org/web/20240619222736/https://www.news5cleveland.com/news/local-news/forget-metropolis-the-daily-planet-is-now-located-in-downtown-cleveland,CONNECTION_ERROR,20250722_145011
Superman (2025 film),https://archive.today/20250606204918/https://comicbook.com/movies/news/james-gunn-superman-dcu-visuals-locked/,429,20250722_145011
Superman (2025 film),https://web.archive.org/web/20221024161439/https://www.hollywoodreporter.com/movies/movie-features/superman-henry-cavill-back-black-adam-1235185234/,CONNECTION_ERROR,20250722_145011
Superman (2025 film),https://web.archive.org/web/20240926223825/https://deadline.com/2024/09/alan-tudyk-playing-secret-role-in-james-gunns-superman-the-dish-1236100921/,CONNECTION_ERROR,20250722_145011
Superman (2025 film),https://web.archive.org/web/20230515033414/https://deadline.com/2023/05/superman-legacy-james-gunn-clark-kent-lois-lane-lex-luthor-1235365908/,CONNECTION_ERROR,20250722_145011
Superman (2025 film),https://web.archive.org/web/20231010150151/https://variety.com/2023/film/news/aquaman-2-jason-momoa-drunk-claims-amber-heard-cut-scenes-elon-musk-letter-1235747775/,CONNECTION_ERROR,20250722_145011
Superman (2025 film),https://web.archive.org/web/20250603230245/https://www.superherohype.com/news/603061-superman-lex-luthor-cast-michael-rosenbaum-role-smallville,CONNECTION_ERROR,20250722_145011
Superman (2025 film),https://web.archive.org/web/20240216192516/https://www.hollywoodreporter.com/movies/movie-news/superman-legacy-bassem-youssef-character-israel-1235827948/,CONNECTION_ERROR,20250722_145011
Superman (2025 film),https://web.archive.org/web/20250611174142/https://deadline.com/2025/06/superman-advance-ticket-sales-record-fandango-1236430995/,CONNECTION_ERROR,20250722_145011
Superman (2025 film),https://web.archive.org/web/20221024173543/https://comicbook.com/movies/news/henry-cavill-superman-cameo-contract-black-adam-end-credits-man-of-steel-2/,CONNECTION_ERROR,20250722_145011
Superman (2025 film),https://web.archive.org/web/20241217181111/https://comicbook.com/dc/news/superman-legacy-title-change-explained-james-gunn-interview/,CONNECTION_ERROR,20250722_145011
Superman (2025 film),https://web.archive.org/web/20250605200029/https://www.superherohype.com/guides/603725-what-superman-robots-2025-automatons-fortress-of-solitude-voices-assistants,CONNECTION_ERROR,20250722_145011
Superman (2025 film),https://www.nytimes.com/2025/07/08/movies/superman-review.html,403,20250722_145011
Superman (2025 film),https://web.archive.org/web/20240229093928/https://www.bizjournals.com/columbus/news/2024/02/25/filming-for-superman-legacy-economic-impact-ohio.html,403,20250722_145011
Superman (2025 film),https://apnews.com/da58d8cbb93d47098df6364edd6cdea4/In-Justice-League,404,20250722_145011
Superman (2025 film),https://web.archive.org/web/20250709182301/https://www.slantmagazine.com/film/superman-review-david-corenswet-rachel-brosnahan-nicholas-hoult-james-gunn/?__cf_chl_rt_tk=Y0i3Shrj10zytvvVbiwbiz.HcOsviRhDYvf2jV_zjZs-1752085381-1.0.1.1-bCySEjowwBeA7DCvcFu2.I07E8HhNBM5KcesPzn4NCQ,CONNECTION_ERROR,20250722_145011
Superman (2025 film),https://web.archive.org/web/20240306003142/https://collider.com/superman-nicholas-hoult-lex-luthor-inspiration/,CONNECTION_ERROR,20250722_145011
Superman (2025 film),https://web.archive.org/web/20190530200638/https://www.polygon.com/2019/5/30/18645982/superman-man-of-steel-2-matthew-vaughn-update,CONNECTION_ERROR,20250722_145011
Superman (2025 film),https://web.archive.org/web/20210719170859/https://deadline.com/2021/07/batgirl-haley-lu-richardson-isabella-merced-zoey-deutch-leslie-grace-actresses-testing-barbra-gordon-role-1234794632/,CONNECTION_ERROR,20250722_145011
Superman (2025 film),https://web.archive.org/web/20230131171031/https://deadline.com/2023/01/dc-movie-tv-plan-james-gunn-peter-safran-batman-swamp-thing-green-lantern-1235244926/,CONNECTION_ERROR,20250722_145011
Superman (2025 film),https://web.archive.org/web/20250708104112/https://variety.com/2025/film/news/james-gunn-superman-immigrant-backlash-response-1236449068/,CONNECTION_ERROR,20250722_145011
Superman (2025 film),https://web.archive.org/web/20240115170759/https://comicbook.com/movies/news/superman-legacy-star-rachel-brosnahan-teases-feisty-and-marvelous-lois-lane/,CONNECTION_ERROR,20250722_145011
Superman (2025 film),https://web.archive.org/web/20240306000801/https://deadline.com/2024/03/james-gunn-filming-superman-norway-teases-scene-fortress-of-solitude-1235846557/,CONNECTION_ERROR,20250722_145011
Superman (2025 film),https://web.archive.org/web/20250711214814/https://www.hollywoodreporter.com/movies/movie-news/superman-box-office-previews-1236312076/,CONNECTION_ERROR,20250722_145011
Superman (2025 film),https://web.archive.org/web/20230620150622/https://comicyears.com/pop-culture/superman-legacy-movie/,CONNECTION_ERROR,20250722_145011
Superman (2025 film),https://web.archive.org/web/20250514171148/https://www.polygon.com/trailer/598964/new-superman-trailer-release-date-dcu,CONNECTION_ERROR,20250722_145011
Superman (2025 film),https://web.archive.org/web/20240617184017/https://www.slashfilm.com/1603755/creature-commandos-preview-annecy-dc-universe-james-gunn/,CONNECTION_ERROR,20250722_145011
Superman (2025 film),https://web.archive.org/web/20221210034756/https://www.ign.com/articles/man-of-steel-2-stalls-after-dc-leadership-change,CONNECTION_ERROR,20250722_145011
Superman (2025 film),https://web.archive.org/web/20250404032917/https://www.gamesradar.com/entertainment/dc-movies/dc-originally-asked-james-gunn-to-direct-superman-7-years-ago-but-he-didnt-know-if-he-could-it-seems-hard/,CONNECTION_ERROR,20250722_145011
Superman (2025 film),https://web.archive.org/web/20230513164918/https://www.hollywoodreporter.com/movies/movie-news/superman-legacy-cast-james-gunn-1235486603/,CONNECTION_ERROR,20250722_145011
Superman (2025 film),https://web.archive.org/web/20241220214132/https://www.gamesradar.com/entertainment/dc-movies/james-gunn-says-he-is-bringing-back-that-iconic-john-williams-score-in-superman-to-pay-tribute-to-when-he-first-heard-it-as-a-child/,CONNECTION_ERROR,20250722_145011
Superman (2025 film),https://web.archive.org/web/20221021211346/https://view.email.hollywoodreporter.com/?qs=4104a8158abfc29771cc22e26d052791595ea1a18f3c3d76b2d9a6542a973ca9e38fb05cb17179d4c0124b3f0ee7cfb7b3aea9f96d9f7ab78ae6eaa20b30a8ae342a9e6e67a38a48,CONNECTION_ERROR,20250722_145011
Superman (2025 film),https://web.archive.org/web/20240606082844/https://comicbook.com/movies/news/superman-james-gunn-confirm-beck-bennett-dc-role-steve-lombard/,CONNECTION_ERROR,20250722_145011
Superman (2025 film),https://web.archive.org/web/20230419062132/https://www.cbr.com/superman-legacy-james-gunn-confirms-jimmy-olsen-return/,CONNECTION_ERROR,20250722_145011
Superman (2025 film),https://web.archive.org/web/20230626212227/https://www.hollywoodreporter.com/movies/movie-news/superman-legacy-inside-james-gunns-search-1235523954/,CONNECTION_ERROR,20250722_145011
Superman (2025 film),https://web.archive.org/web/20240626012537/https://screenrant.com/superman-movie-frank-grillo-creature-commandos-set-photos/,CONNECTION_ERROR,20250722_145011
Superman (2025 film),https://web.archive.org/web/20240222011558/https://www.productionweekly.com/production-weekly-issue-1390-thursday-february-22-2024-187-listings-44-pages/,CONNECTION_ERROR,20250722_145011
Superman (2025 film),https://web.archive.org/web/20240216210029/https://deadline.com/2024/02/superman-legacy-bassem-youssef-palestine-1235828542/,CONNECTION_ERROR,20250722_145011
Superman (2025 film),https://web.archive.org/web/20240713014747/https://www.cincinnati.com/story/news/2024/07/12/is-superman-legacy-filming-cincinnati-museum-center/74383809007/,CONNECTION_ERROR,20250722_145011
Superman (2025 film),https://web.archive.org/web/20230613155147/https://bleedingcool.com/tv/james-gunn-talks-superman-legacy-rosenbaum-definitely-the-best-lex/,CONNECTION_ERROR,20250722_145011
Superman (2025 film),https://web.archive.org/web/20250402022732/https://www.hollywoodreporter.com/movies/movie-news/superman-footage-james-gunn-cinemacon-1235528858/,CONNECTION_ERROR,20250722_145011
Superman (2025 film),https://web.archive.org/web/20240703012542/https://www.cleveland.com/entertainment/2024/07/superman-saves-the-day-in-scene-filmed-at-clevelands-public-square-photos-spoilers.html,CONNECTION_ERROR,20250722_145011
Superman (2025 film),https://web.archive.org/web/20250709182713/https://nextbestpicture.com/superman/,CONNECTION_ERROR,20250722_145011
Superman (2025 film),https://web.archive.org/web/20250709135747/https://www.ign.com/articles/superman-2025-review-james-gunn-david-corenswet-rachel-brosnahan-nicholas-hoult,CONNECTION_ERROR,20250722_145011
Superman (2025 film),https://web.archive.org/web/20240301023550/https://ew.com/superman-legacy-suit-logo-new-title-8602796,CONNECTION_ERROR,20250722_145011
Superman (2025 film),https://web.archive.org/web/20241219181004/https://variety.com/lists/superman-trailer-breakdown-easter-eggs/,CONNECTION_ERROR,20250722_145011
Superman (2025 film),https://web.archive.org/web/20160916143253/https://www.newsweek.com/dwayne-johnsons-rock-meet-dany-garcia-woman-behind-hollywoods-highest-earner-497885,CONNECTION_ERROR,20250722_145011
Superman (2025 film),https://web.archive.org/web/20240730213139/https://deadline.com/2024/07/james-gunn-wraps-superman-filming-1236026996/,CONNECTION_ERROR,20250722_145011
Superman (2025 film),https://web.archive.org/web/20230224151137/https://twitter.com/AaronCouch/status/1628883501385932800,CONNECTION_ERROR,20250722_145011
Superman (2025 film),https://web.archive.org/web/20240130223457/https://variety.com/2024/film/news/supergirl-milly-alcock-superman-legacy-1235891714/,CONNECTION_ERROR,20250722_145011
Superman (2025 film),https://web.archive.org/web/20240215201712/https://www.salon.com/2024/02/15/bassem-youssef-slams-genocide-joe-says-he-lost-superman-role-after-speaking-out-about-palestine/,CONNECTION_ERROR,20250722_145011
Superman (2025 film),https://web.archive.org/web/20241219155614/https://www.slashfilm.com/1742027/why-james-gunn-used-john-williams-superman-theme/,CONNECTION_ERROR,20250722_145011
Superman (2025 film),https://web.archive.org/web/20250216135429/https://www.cbr.com/nicholas-hoult-lex-luthor-superman-beef-explained/,CONNECTION_ERROR,20250722_145011
Superman (2025 film),https://web.archive.org/web/20221025231736/https://comicbook.com/dc/news/warner-bros-official-name-dc-movies-films-universe-dceu-dcu-explained/,CONNECTION_ERROR,20250722_145011
Superman (2025 film),https://web.archive.org/web/20221115170710/https://www.indiewire.com/2022/11/david-zaslav-james-gunn-dc-studios-batman-superman-1234782421/,CONNECTION_ERROR,20250722_145011
Superman (2025 film),https://web.archive.org/web/20230609235837/https://comicbook.com/movies/news/superman-legacy-reportedly-introduce-lex-luthor-the-authority/,CONNECTION_ERROR,20250722_145011
Superman (2025 film),https://web.archive.org/web/20240301210947/https://screenrant.com/superman-legacy-budget-rumor-james-gunn/,CONNECTION_ERROR,20250722_145011
Superman (2025 film),https://web.archive.org/web/20250530232611/https://view.email.hollywoodreporter.com/?qs=fde3ddc58e5585ca628a59426f3e26b1671f6e64480879540093a5d79bfd841458e363de419b914e3bfef15b13cc1ececab2158168a6810829ce6dcf2f38e2769fdd1151ae5062f5,CONNECTION_ERROR,20250722_145011
Superman (2025 film),https://web.archive.org/web/20221026233716/https://variety.com/2022/film/news/henry-cavill-interview-superman-return-joyful-1235415466/,CONNECTION_ERROR,20250722_145011
Superman (2025 film),https://web.archive.org/web/20240411053343/https://comicbook.com/movies/news/superman-wendell-pierce-breaks-silence-perry-white-dcu/,CONNECTION_ERROR,20250722_145011
Superman (2025 film),https://web.archive.org/web/20250711160515/https://thedirect.com/article/superman-2-david-corenswet-first-dcu-sequel,CONNECTION_ERROR,20250722_145011
Superman (2025 film),https://archive.today/20241015183749/https://variety.com/2024/film/news/krypto-superman-james-gunn-superdog-1236178707/,429,20250722_145011
Superman (2025 film),https://web.archive.org/web/20240202170302/https://filmmusicreporter.com/2024/02/02/john-murphy-to-score-james-gunns-superman-legacy/,CONNECTION_ERROR,20250722_145011
Superman (2025 film),https://web.archive.org/web/20240110215605/https://deadline.com/2024/01/supergirl-milly-alcock-emilia-jones-meg-donnelly-1235711427/,CONNECTION_ERROR,20250722_145011
Superman (2025 film),https://web.archive.org/web/20250611165526/https://gizmodo.com/new-superman-trailer-is-heavy-on-both-lex-luthor-and-visual-effects-shots-2000614524,CONNECTION_ERROR,20250722_145011
Superman (2025 film),https://web.archive.org/web/20250331201506/https://variety.com/2025/tv/news/lantern-nathan-fillion-guy-gardner-hbo-series-1236353007/,CONNECTION_ERROR,20250722_145011
Superman (2025 film),https://web.archive.org/web/20241216155715/https://variety.com/2024/film/news/james-gunn-superman-poster-christopher-reeve-1236250220/,CONNECTION_ERROR,20250722_145011
Superman (2025 film),https://web.archive.org/web/20250602162716/https://www.thewrap.com/superman-success-stakes-box-office-dc-studios-warner-bros/,CONNECTION_ERROR,20250722_145011
Superman (2025 film),https://web.archive.org/web/20250624133310/https://www.omelete.com.br/filmes/superman-ator-jor-el-guardioes-galacia,CONNECTION_ERROR,20250722_145011
Superman (2025 film),https://web.archive.org/web/20250624044508/https://nylonmanila.com/pop-culture/manila-welcomed-the-stars-of-superman/,CONNECTION_ERROR,20250722_145011
Superman (2025 film),https://web.archive.org/web/20221110221701/https://www.hollywoodreporter.com/movies/movie-news/dc-movies-james-gunn-peter-safran-1235259792/,CONNECTION_ERROR,20250722_145011
Superman (2025 film),https://web.archive.org/web/20231120231658/https://deadline.com/2023/11/nicholas-hoult-superman-legacy-lex-luther-1235630393/,CONNECTION_ERROR,20250722_145011
Superman (2025 film),https://web.archive.org/web/20250605022703/https://comicbook.com/movies/news/superman-movie-prequel-villain-metallo-metahumans-justice-gang-lex-luthor-raptors/,CONNECTION_ERROR,20250722_145011
Superman (2025 film),https://web.archive.org/web/20250421185215/https://variety.com/2025/shopping/news/superman-krypto-dog-funko-pops-buy-online-1236372377/,CONNECTION_ERROR,20250722_145011
Superman (2025 film),https://web.archive.org/web/20230912213457/https://abovetheline.com/2023/09/09/murder-she-wrote-movie-amy-pascal-universal-dumb-money-writers/,CONNECTION_ERROR,20250722_145011
Superman (2025 film),https://web.archive.org/web/20250110230239/https://www.hollywoodreporter.com/movies/movie-news/2025-puppy-bowl-superman-sneak-preview-james-gunn-1236106212/,CONNECTION_ERROR,20250722_145011
Superman (2025 film),https://web.archive.org/web/20230927202941/https://variety.com/2023/film/news/stranger-things-house-of-the-dragon-superman-legacy-hollywood-back-to-work-strikes-1235737429/,CONNECTION_ERROR,20250722_145011
Superman (2025 film),https://web.archive.org/web/20230711053956/https://www.cbr.com/comics-inspired-superman-legacy-dcu/,CONNECTION_ERROR,20250722_145011
Superman (2025 film),https://web.archive.org/web/20250710195910/https://www.forbes.com/sites/erikkain/2025/07/09/superman-review-james-gunns-man-of-steel-is-a-painfully-mediocre-super-generic-mess-of-a-movie/,CONNECTION_ERROR,20250722_145011
Superman (2025 film),https://web.archive.org/web/20250227123043/https://www.hollywoodreporter.com/movies/movie-news/dc-movies-tv-shows-updates-superman-batman-1236145240/,CONNECTION_ERROR,20250722_145011
Superman (2025 film),https://web.archive.org/web/20250425185820/https://deadline.com/2025/04/superman-rights-lawsuit-dismissed-warner-bros-discovery-1236377132/,CONNECTION_ERROR,20250722_145011
Superman (2025 film),https://web.archive.org/web/20250709090017/https://www.bbc.com/culture/article/20250708-superman-review,CONNECTION_ERROR,20250722_145011
Superman (2025 film),https://web.archive.org/web/20240507195656/https://www.ign.com/articles/superman-what-we-learned-from-james-gunns-costume-reveal,CONNECTION_ERROR,20250722_145011
Superman (2025 film),https://web.archive.org/web/20240717145358/https://deadline.com/2024/07/james-gunn-superman-wraps-filming-cleveland-production-update-1236012623/,CONNECTION_ERROR,20250722_145011
Superman (2025 film),https://web.archive.org/web/20250713201959/https://variety.com/2025/film/columns/superman-the-trouble-with-superhero-reviews-david-corenswet-1236458968/,CONNECTION_ERROR,20250722_145011
Superman (2025 film),https://web.archive.org/web/20240124234721/https://www.hollywoodreporter.com/movies/movie-news/supergirl-casting-milly-alcock-meg-donnelly-1235806025/,CONNECTION_ERROR,20250722_145011
Superman (2025 film),https://web.archive.org/web/20230711223710/https://www.vanityfair.com/hollywood/2023/07/superman-legacy-cast,CONNECTION_ERROR,20250722_145011
Superman (2025 film),https://web.archive.org/web/20250610215942/https://www.thewrap.com/superman-copyright-injunction-warner-bros-denied-by-judge/,CONNECTION_ERROR,20250722_145011
Superman (2025 film),https://web.archive.org/web/20250709164735/https://www.denofgeek.com/movies/superman-review-james-gunn-lost-magic/,CONNECTION_ERROR,20250722_145011
Superman (2025 film),https://web.archive.org/web/20221210034351/https://view.email.hollywoodreporter.com/?qs=27dca022a3daaae65e34d5c9adf6995782cfc61eaab8e66bfca2252281f2c4f81e01033071a71a9c0ecc309f5e4c7262de4febdb0635727011fb3e07e2b20074e11fc572b6d036b7,CONNECTION_ERROR,20250722_145011
Superman (2025 film),https://web.archive.org/web/20240307083546/https://www.thewrap.com/superman-james-gunn-reveals-inspirations-for-movie-photos/,CONNECTION_ERROR,20250722_145011
Superman (2025 film),https://web.archive.org/web/20171207220705/https://variety.com/2017/film/news/dc-films-justice-league-1202632214/,CONNECTION_ERROR,20250722_145011
Superman (2025 film),https://web.archive.org/web/20230428181354/https://variety.com/2023/film/news/james-gunn-superman-legacy-actor-1235598076/,CONNECTION_ERROR,20250722_145011
Superman (2025 film),https://web.archive.org/web/20231115210327/https://deadline.com/2023/11/superman-legacy-maria-gabriela-de-faria-villain-role-1235612761/,CONNECTION_ERROR,20250722_145011
Superman (2025 film),https://web.archive.org/web/20240817071945/https://www.thewrap.com/sean-gunn-superman-maxwell-lord-james-gunn/,CONNECTION_ERROR,20250722_145011
Superman (2025 film),https://web.archive.org/web/20240608174541/https://www.hollywoodreporter.com/movies/movie-news/james-gunn-daily-planet-superman-1235917555/,CONNECTION_ERROR,20250722_145011
Superman (2025 film),https://web.archive.org/web/20250404031643/https://deadline.com/2025/04/superman-james-gunn-more-footage-1236356403/,CONNECTION_ERROR,20250722_145011
Superman (2025 film),https://web.archive.org/web/20250714203402/https://variety.com/2025/film/box-office/superman-global-box-office-opening-weekend-jurassic-world-rebirth-lilo-stitch-milestones-1236459145/,CONNECTION_ERROR,20250722_145011
Superman (2025 film),https://web.archive.org/web/20210227004507/https://www.hollywoodreporter.com/heat-vision/ta-nehisi-coates-to-write-new-superman-movie-for-warner-bros,CONNECTION_ERROR,20250722_145011
Superman (2025 film),https://web.archive.org/web/20250529221815/https://bleedingcool.com/movies/dates-and-locations-announced-for-the-superman-world-tour/,CONNECTION_ERROR,20250722_145011
Superman (2025 film),https://web.archive.org/web/20240711213800/https://www.cleveland.com/entertainment/2024/07/superman-filming-high-flying-stunts-at-progressive-field-photos-video-spoilers.html,CONNECTION_ERROR,20250722_145011
Superman (2025 film),https://web.archive.org/web/20250713005556/https://variety.com/2025/film/box-office/box-office-superman-soars-second-biggest-opening-day-1236453955/,CONNECTION_ERROR,20250722_145011
Superman (2025 film),https://web.archive.org/web/20250712002009/https://www.npr.org/2025/07/10/nx-s1-5453867/superman-review,CONNECTION_ERROR,20250722_145011
Superman (2025 film),https://web.archive.org/web/20250711164518/https://variety.com/2025/film/news/box-office-superman-previews-1236451781/,CONNECTION_ERROR,20250722_145011
Superman (2025 film),https://web.archive.org/web/20250326183343/https://deadline.com/2025/03/amc-entertainment-screenx-4dx-premium-formats-us-theaters-cj4dplex-1236351053/,CONNECTION_ERROR,20250722_145011
Superman (2025 film),https://web.archive.org/web/20250711170000/https://www.looper.com/1908788/james-gunn-superman-movie-small-details/,CONNECTION_ERROR,20250722_145011
Superman (2025 film),https://web.archive.org/web/20250404221616/https://www.ign.com/articles/superman-extended-preview-to-play-before-a-minecraft-movie-krypto-fortress-of-solitude,CONNECTION_ERROR,20250722_145011
Superman (2025 film),https://web.archive.org/web/20231125055851/https://comicbook.com/dc/news/dc-superman-legacy-james-gunn-responds-fan-casting/,CONNECTION_ERROR,20250722_145011
Superman (2025 film),https://web.archive.org/web/20240306220807/https://www.cbr.com/superman-james-gunn-fortress-of-solitude-norway/,CONNECTION_ERROR,20250722_145011
Superman (2025 film),https://web.archive.org/web/20230712192121/https://www.hollywoodreporter.com/movies/movie-news/superman-legacy-casts-anthony-carrigan-metamorpho-1235533648/,CONNECTION_ERROR,20250722_145011
Superman (2025 film),https://web.archive.org/web/20231121001337/https://comicbook.com/movies/news/cocaine-bear-o-shea-jackson-jr-auditioned-superman-legacy-role/,CONNECTION_ERROR,20250722_145011
Superman (2025 film),https://web.archive.org/web/20240220204352/https://www.projectcasting.com/job/warner-bros-superman-legacy-open-casting-call,CONNECTION_ERROR,20250722_145011
Superman (2025 film),https://web.archive.org/web/20180912150720/https://www.hollywoodreporter.com/heat-vision/henry-cavill-as-superman-warner-bros-dc-universe-shake-up-1142306,CONNECTION_ERROR,20250722_145011
Superman (2025 film),https://web.archive.org/web/20250530173221/https://www.hollywoodreporter.com/movies/movie-news/golden-trailer-awards-2025-winners-1236233223/,CONNECTION_ERROR,20250722_145011
Superman (2025 film),https://web.archive.org/web/20191119164841/https://www.menshealth.com/entertainment/a29774618/henry-cavill-the-witcher-superman-interview/,CONNECTION_ERROR,20250722_145011
Superman (2025 film),https://web.archive.org/web/20241127024912/https://www.gamesradar.com/entertainment/dc-tv-shows/creature-commandos-star-frank-grillo-says-peacemaker-season-2-is-all-about-revenge-teases-his-role-in-james-gunns-superman/,CONNECTION_ERROR,20250722_145011
Superman (2025 film),https://web.archive.org/web/20210510205517/https://observer.com/2021/05/zack-snyder-man-of-steel-sequel-villains-info-details/,CONNECTION_ERROR,20250722_145011
Superman (2025 film),https://web.archive.org/web/20230311151751/https://collider.com/superman-legacy-tom-king-james-gunn-directing-comments/,CONNECTION_ERROR,20250722_145011
Superman (2025 film),https://web.archive.org/web/20240124054058/https://comicbook.com/movies/news/oscars-nominated-guardians-of-the-galaxy-vol-3-vfx-james-gunn-superman-legacy/,CONNECTION_ERROR,20250722_145011
Superman (2025 film),https://web.archive.org/web/20250703182249/https://nextbestpicture.com/the-2025-hollywood-creative-alliance-hca-midseason-astra-award-winners/,CONNECTION_ERROR,20250722_145011
Superman (2025 film),https://web.archive.org/web/20250629165622/https://comicbook.com/movies/news/james-gunn-reveals-jennifer-hollands-superman-cameo-role/,CONNECTION_ERROR,20250722_145011
Superman (2025 film),https://web.archive.org/web/20241230185230/https://deadline.com/2024/12/jason-momoa-to-play-lobo-supergirl-woman-of-tomorrow-1236243776/,CONNECTION_ERROR,20250722_145011
Superman (2025 film),https://web.archive.org/web/20240523115027/https://collider.com/superman-images-fortress-of-solitude-licensing-expo/,CONNECTION_ERROR,20250722_145011
Superman (2025 film),https://web.archive.org/web/20230514020247/https://www.thewrap.com/superman-legacy-casting-nicholas-hoult-rachel-brosnahan-lex-luthor-lois-lane/,CONNECTION_ERROR,20250722_145011
Superman (2025 film),https://web.archive.org/web/20231120233628/https://www.hollywoodreporter.com/movies/movie-news/superman-legacy-nicholas-hoult-lex-luthor-1235507781/,CONNECTION_ERROR,20250722_145011
Superman (2025 film),https://web.archive.org/web/20250708234112/https://editorial.rottentomatoes.com/article/superman-first-reviews/,CONNECTION_ERROR,20250722_145011
Superman (2025 film),https://web.archive.org/web/20241220043114/https://bleedingcool.com/tv/superman-legacy-no-viola-davis-waller-return-effects-confusion/,CONNECTION_ERROR,20250722_145011
Superman (2025 film),https://web.archive.org/web/20250525185747/https://comicbook.com/movies/news/the-last-of-us-isabela-merced-hawkgirl-kendra-saunders-explained-superman-movie/,CONNECTION_ERROR,20250722_145011
Superman (2025 film),https://web.archive.org/web/20230315194859/https://www.hollywoodreporter.com/movies/movie-news/james-gunn-to-direct-superman-legacy-movie-1235347753/,CONNECTION_ERROR,20250722_145011
Superman (2025 film),https://web.archive.org/web/20241219172238/https://bleedingcool.com/tv/superman-teaser-trailer-version-of-john-murphys-film-theme-released/,CONNECTION_ERROR,20250722_145011
Superman (2025 film),https://web.archive.org/web/20250614020046/https://movieweb.com/new-superman-trailer-david-corenswet-dcu-heat-vision/,CONNECTION_ERROR,20250722_145011
Superman (2025 film),https://web.archive.org/web/20221118201735/https://www.thewrap.com/henry-cavill-superman-return-in-doubt-dc-future/,CONNECTION_ERROR,20250722_145011
Superman (2025 film),https://web.archive.org/web/20250421030144/https://comicbook.com/movies/news/new-superman-movie-footage-behind-the-scenes-james-gunn-reboot/,CONNECTION_ERROR,20250722_145011
Superman (2025 film),https://web.archive.org/web/20230203234436/https://www.hollywoodreporter.com/movies/movie-features/dc-studios-questions-about-james-gunn-movie-tv-plans-1235316946/,CONNECTION_ERROR,20250722_145011
Superman (2025 film),https://web.archive.org/web/20230203082534/https://www.inverse.com/entertainment/superman-legacy-james-gunn-all-star-superman-cover,CONNECTION_ERROR,20250722_145011
Superman (2025 film),https://web.archive.org/web/20221216210001/https://www.hollywoodreporter.com/movies/movie-news/why-henry-cavill-is-no-longer-superman-1235283791/,CONNECTION_ERROR,20250722_145011
Superman (2025 film),https://web.archive.org/web/20240410132003/https://www.gamesradar.com/superman-new-logo-cinemacon-james-gunn/,CONNECTION_ERROR,20250722_145011
Superman (2025 film),https://web.archive.org/web/20250708220335/https://consequence.net/2025/07/superman-review-james-gunn-2025/,CONNECTION_ERROR,20250722_145011
Superman (2025 film),https://web.archive.org/web/20221017231306/https://www.hollywoodreporter.com/movies/movie-news/dc-movies-james-gunn-pithces-dwayne-johnson-1235243030/,CONNECTION_ERROR,20250722_145011
Superman (2025 film),https://web.archive.org/web/20231121082530/https://www.theinsneider.com/p/bikeriders-new-path-2024-lex-luthor-nicholas-hoult-jason-bourne-returns,CONNECTION_ERROR,20250722_145011
Superman (2025 film),https://web.archive.org/web/20240716031343/https://www.cleveland.com/entertainment/2024/07/superman-filming-moves-to-key-tower-with-green-lantern-hawkgirl-on-set-photos-spoilers.html,CONNECTION_ERROR,20250722_145011
Superman (2025 film),https://web.archive.org/web/20221210233735/https://www.hollywoodreporter.com/movies/movie-news/james-gunn-superman-huge-priority-henry-cavill-1235279420/,CONNECTION_ERROR,20250722_145011
Superman (2025 film),https://web.archive.org/web/20240605200442/https://www.hollywoodreporter.com/movies/movie-news/james-gunn-superman-beck-bennett-1235915955/,CONNECTION_ERROR,20250722_145011
Superman (2025 film),https://web.archive.org/web/20231121192430/https://deadline.com/2023/11/superman-legacy-sara-sampaio-as-eve-teschmacher-1235632216/,CONNECTION_ERROR,20250722_145011
Superman (2025 film),https://web.archive.org/web/20250515083927/https://bleedingcool.com/movies/superman-gunn-dc-studios-meet-the-moment-with-epic-official-trailer/,CONNECTION_ERROR,20250722_145011
Superman (2025 film),https://web.archive.org/web/20241116044230/https://www.cbr.com/james-gunn-confirms-costume-destroyed-superman/,CONNECTION_ERROR,20250722_145011
Superman (2025 film),https://web.archive.org/web/20200513175728/https://variety.com/2019/film/news/dc-comics-superman-michael-b-jordan-green-lantern-aquaman-birds-of-prey-1203415757/,CONNECTION_ERROR,20250722_145011
Superman (2025 film),https://web.archive.org/web/20250514170156/https://www.ign.com/articles/new-superman-trailer-shows-fresh-looks-at-guy-gardner-hawkgirl-and-krypto-punching-the-engineer-in-the-face,CONNECTION_ERROR,20250722_145011
Superman (2025 film),https://web.archive.org/web/20240507005238/https://www.gq.com/story/superman-costume-revealed-we-have-a-suit-and-the-suit-has-trunks,CONNECTION_ERROR,20250722_145011
Superman (2025 film),https://web.archive.org/web/20250402022640/https://variety.com/2025/film/news/superman-footage-cinemacon-krypto-james-gunn-1236351990/,CONNECTION_ERROR,20250722_145011
Superman (2025 film),https://archive.today/20240310124038/https://www.ajc.com/things-to-do/georgia-entertainment-scene/whats-filming-in-georgia-in-march-2024/K62QSHZF7RHPZFKMOPGEC7C3GI/,429,20250722_145011
Superman (2025 film),https://web.archive.org/web/20250515194909/https://ew.com/superman-nicholas-hoult-lex-luthor-real-credible-threat-dangerous-exclusive-11728419,CONNECTION_ERROR,20250722_145011
Superman (2025 film),https://web.archive.org/web/20200608064344/https://apnews.com/da58d8cbb93d47098df6364edd6cdea4/In-Justice-League,CONNECTION_ERROR,20250722_145011
Superman (2025 film),https://web.archive.org/web/20231118123304/https://www.thewrap.com/superman-david-corenswet-gym-body-dc-universe-movies/,CONNECTION_ERROR,20250722_145011
Superman (2025 film),https://web.archive.org/web/20160811202924/https://www.thewrap.com/warner-bros-puts-man-of-steel-sequel-into-active-development-exclusive/,CONNECTION_ERROR,20250722_145011
Superman (2025 film),https://web.archive.org/web/20250408125317/https://www.superherohype.com/news/596827-superman-michael-rooker-role-yondu-marvel-cameo,CONNECTION_ERROR,20250722_145011
Superman (2025 film),https://web.archive.org/web/20241220045254/https://ymcinema.com/2024/07/18/superman-shot-on-red-digital-cinema-by-henry-braham/,CONNECTION_ERROR,20250722_145011
Superman (2025 film),https://web.archive.org/web/20250711080233/https://www.youtube.com/watch?v=_M8drMd1tzs&pp=0gcJCdgJAYcqIYzv,CONNECTION_ERROR,20250722_145011
Superman (2025 film),https://web.archive.org/web/20250707174915/https://www.nylon.com/entertainment/sara-sampaio-superman-modeling-acting-interview,CONNECTION_ERROR,20250722_145011
Superman (2025 film),https://web.archive.org/web/20240704161619/https://www.cleveland.com/entertainment/2024/07/superman-gets-a-furry-co-star-in-fourth-of-july-shoot-photos.html,CONNECTION_ERROR,20250722_145011
Superman (2025 film),https://web.archive.org/web/20250619222017/https://deadline.com/2025/06/box-office-superman-opening-projection-1236437824/,CONNECTION_ERROR,20250722_145011
Superman (2025 film),https://web.archive.org/web/20240316112303/https://www.cbr.com/james-gunn-original-idea-superman/,CONNECTION_ERROR,20250722_145011
Superman (2025 film),https://web.archive.org/web/20240301220635/https://www.hollywoodreporter.com/movies/movie-news/superman-casts-wendell-pierce-as-perry-white-1235840790/,CONNECTION_ERROR,20250722_145011
Superman (2025 film),https://web.archive.org/web/20230820094011/https://www.inverse.com/entertainment/anthony-carrigan-gotham-batman-victor-zsasz,CONNECTION_ERROR,20250722_145011
Superman (2025 film),https://web.archive.org/web/20240711184828/https://www.cleveland.com/entertainment/2024/07/superman-filming-wednesday-included-impact-outside-pnc-bank-building-photos-spoilers.html,CONNECTION_ERROR,20250722_145011
Superman (2025 film),https://web.archive.org/web/20250619184002/https://www.hollywoodreporter.com/movies/movie-news/james-gunn-superman-tracking-box-office-opening-1236295251/,CONNECTION_ERROR,20250722_145011
Superman (2025 film),https://ew.com/article/2015/07/01/first-look-batman-v-superman-dawn-justice-ews-cover/,404,20250722_145011
Superman (2025 film),https://web.archive.org/web/20230403173718/https://www.rollingstone.com/tv-movies/tv-movie-features/guardians-of-the-galaxy-3-preview-soundtrack-track-listing-1234707361/,CONNECTION_ERROR,20250722_145011
Superman (2025 film),https://web.archive.org/web/20240516154305/https://www.hollywoodreporter.com/movies/movie-news/imax-2025-film-slate-cannes-1235899771/,CONNECTION_ERROR,20250722_145011
Superman (2025 film),https://web.archive.org/web/20230511182518/https://comicbook.com/movies/news/guardians-of-the-galaxy-vol-3-james-gunn-superman-legacy/,CONNECTION_ERROR,20250722_145011
Superman (2025 film),https://web.archive.org/web/20210227063345/https://shadowandact.com/ta-nehisi-coates-superman-dc-warner-bros-film,CONNECTION_ERROR,20250722_145011
Superman (2025 film),https://web.archive.org/web/20240710002321/https://www.cleveland.com/entertainment/2024/07/superman-film-crews-take-over-clevelands-detroit-superior-bridge.html,CONNECTION_ERROR,20250722_145011
Superman (2025 film),https://web.archive.org/web/20240614200317/https://www.ideastream.org/arts-culture/2024-06-14/stay-up-up-and-away-from-mentor-headlands-during-movie-filming,CONNECTION_ERROR,20250722_145011
Superman (2025 film),https://web.archive.org/web/20250708214841/https://awardswatch.com/superman-review-james-gunn-reinvigorates-the-dc-hero-with-a-splashy-comic-book-verve-b/,CONNECTION_ERROR,20250722_145011
Superman (2025 film),https://web.archive.org/web/20230503181211/https://www.thewrap.com/james-gunn-superman-legacy-script-writers-strike/,CONNECTION_ERROR,20250722_145011
Superman (2025 film),https://web.archive.org/web/20230506013349/https://torontosun.com/entertainment/movies/chris-pratt-and-james-gunn-talk-guardians-of-the-galaxy-vol-3-marvels-first-f-bomb-and-that-awful-screen-test,CONNECTION_ERROR,20250722_145011
Superman (2025 film),https://web.archive.org/web/20250602071558/https://bleedingcool.com/movies/mission-impossible-director-talks-scrapped-superman-movie/,CONNECTION_ERROR,20250722_145011
Superman (2025 film),https://web.archive.org/web/20240229215006/https://www.thewrap.com/superman-legacy-suit-logo-image/,CONNECTION_ERROR,20250722_145011
Superman (2025 film),https://web.archive.org/web/20250522214224/https://comicbook.com/movies/news/superman-2025-movie-release-lawsuit-updates-details/,CONNECTION_ERROR,20250722_145011
Superman (2025 film),https://web.archive.org/web/20250703184136/https://www.standard.co.uk/culture/film/david-corenswet-rachel-brosnahan-nicholas-hoult-leicester-square-london-b1236118.html,CONNECTION_ERROR,20250722_145011
Superman (2025 film),https://web.archive.org/web/20240114143308/https://www.rollingstone.com/tv-movies/tv-movie-features/anthony-carrigan-superman-legacy-metamorpho-barry-emmys-1234946635/,CONNECTION_ERROR,20250722_145011
Superman (2025 film),https://web.archive.org/web/20250709222531/https://www.pwinsider.com/ViewArticle.php?id=198035&p=2,CONNECTION_ERROR,20250722_145011
Superman (2025 film),https://web.archive.org/web/20230614135337/https://bleedingcool.com/tv/superman-legacy-reunites-james-gunn-vfx-supervisor-stephane-ceretti/,CONNECTION_ERROR,20250722_145011
Superman (2025 film),https://web.archive.org/web/20240629052211/https://www.cleveland.com/galleries/YF26ZIQJAFBSFM3VUXDDF27USU/,CONNECTION_ERROR,20250722_145011
Superman (2025 film),https://web.archive.org/web/20230519044113/https://comicbook.com/movies/news/superman-legacy-rumored-include-mr-terrific-dc-hero/,CONNECTION_ERROR,20250722_145011
Superman (2025 film),https://web.archive.org/web/20250307063824/https://variety.com/2025/film/news/warner-bros-superman-copyright-dc-comics-foreign-lawsuit-1236330408/,CONNECTION_ERROR,20250722_145011
Superman (2025 film),https://web.archive.org/web/20240417191748/https://www.thewrap.com/superman-neva-howell-martha-kent-actor-james-gunn/,CONNECTION_ERROR,20250722_145011
Superman (2025 film),https://web.archive.org/web/20250618170808/https://www.screendaily.com/news/warner-bros-showcases-superman-wuthering-heights-at-cineeurope/5206143.article,CONNECTION_ERROR,20250722_145011
Superman (2025 film),https://web.archive.org/web/20230131173557/https://collider.com/creature-commandos-series-cast/,CONNECTION_ERROR,20250722_145011
Superman (2025 film),https://web.archive.org/web/20230418140619/https://variety.com/2023/film/news/superman-legacy-pre-production-costumes-set-design-1235586713/,CONNECTION_ERROR,20250722_145011
Superman (2025 film),https://web.archive.org/web/20250403223626/https://time.com/7273166/david-corenswet-superman-interview/,CONNECTION_ERROR,20250722_145011
Superman (2025 film),https://web.archive.org/web/20250302093508/https://www.hollywoodreporter.com/movies/movie-news/patrick-schwarzenegger-superman-audition-1236151404/,CONNECTION_ERROR,20250722_145011
Superman (2025 film),https://web.archive.org/web/20250615001510/https://www.artofvfx.com/superman/,CONNECTION_ERROR,20250722_145011
Superman (2025 film),https://web.archive.org/web/20230514194621/https://www.cbr.com/superman-legacy-gotg-star-considered-lex-luthor/,CONNECTION_ERROR,20250722_145011
Superman (2025 film),https://web.archive.org/web/20171217004019/https://ew.com/article/2015/07/01/first-look-batman-v-superman-dawn-justice-ews-cover/,CONNECTION_ERROR,20250722_145011
Superman (2025 film),https://web.archive.org/web/20250617193921/https://deadline.com/2025/06/superman-dc-james-gunn-warner-bros-cineeurope-1236435791/,CONNECTION_ERROR,20250722_145011
Superman (2025 film),https://web.archive.org/web/20230627202401/https://deadline.com/2023/06/superman-legacy-david-corenswet-rachel-brosnahan-cast-1235420180/,CONNECTION_ERROR,20250722_145011
Superman (2025 film),https://web.archive.org/web/20220414180406/https://variety.com/2022/film/news/dc-warner-bros-discovery-zaslav-hbo-max-1235232185/,CONNECTION_ERROR,20250722_145011
Superman (2025 film),https://web.archive.org/web/20231118195623/https://www.ajc.com/life/radiotvtalk-blog/superman-legacy-with-a-new-superman-to-shoot-in-metro-atlanta-in-2024/VZTQPAM2YJE3BH3NTBM6FWVZQU/,CONNECTION_ERROR,20250722_145011
Superman (2025 film),https://web.archive.org/web/20240224045922/https://www.cincinnati.com/story/entertainment/2024/02/22/superman-legacy-genesis-filming-in-ohio/72697021007/,CONNECTION_ERROR,20250722_145011
Superman (2025 film),https://archive.today/20241010162122/https://www.cbr.com/superman-james-gunn-lex-luthor-influences/,429,20250722_145011
Superman (2025 film),https://web.archive.org/web/20240215135145/https://www.cleveland19.com/2024/02/15/23-tv-shows-movies-filming-ohio-receive-tax-credits/,CONNECTION_ERROR,20250722_145011
Superman (2025 film),https://web.archive.org/web/20231216055332/https://www.hollywoodreporter.com/movies/movie-news/superman-legacy-pom-klementieff-miriam-shor-cast-1235740562/,CONNECTION_ERROR,20250722_145011
Superman (2025 film),https://web.archive.org/web/20250711053235/https://deadline.com/2025/07/box-office-superman-1236454805/,CONNECTION_ERROR,20250722_145011
Superman (2025 film),https://web.archive.org/web/20250126100912/https://gizmodo.com/superman-legacy-james-gunn-cast-green-lantern-hawkgirl-1850636299,CONNECTION_ERROR,20250722_145011
Superman (2025 film),https://web.archive.org/web/20250703194030/https://www.standard.co.uk/news/london/superman-london-shard-hollywood-blockbuster-b1235872.html,CONNECTION_ERROR,20250722_145011
Superman (2025 film),https://web.archive.org/web/20250708222418/https://www.thewrap.com/superman-2025-review-james-gunn-david-corenswet/,CONNECTION_ERROR,20250722_145011
Superman (2025 film),https://web.archive.org/web/20190705204956/https://www.cinemablend.com/news/2476094/looks-like-christopher-mcquarrie-pitched-both-superman-and-green-lantern-movies-to-dc,CONNECTION_ERROR,20250722_145011
Superman (2025 film),https://web.archive.org/web/20241204220320/https://www.hollywoodreporter.com/tv/tv-features/james-gunn-creature-commandos-superman-1236076004/,CONNECTION_ERROR,20250722_145011
Superman (2025 film),https://web.archive.org/web/20250412121945/https://www.goodhousekeeping.com/life/entertainment/a64433418/superman-rachel-brosnahan-interview-beauty-sustainability/,CONNECTION_ERROR,20250722_145011
Superman (2025 film),https://web.archive.org/web/20250430153641/https://apnews.com/article/superman-david-corenswet-summer-movie-preview-28021942374758920088a7e5891855e8,CONNECTION_ERROR,20250722_145011
Superman (2025 film),https://web.archive.org/web/20240416212509/https://www.thewrap.com/superman-jonathan-kent-actor-kent-pruitt-taylor-vince-james-gunn/,CONNECTION_ERROR,20250722_145011
Superman (2025 film),https://web.archive.org/web/20210427194123/https://www.denofgeek.com/movies/the-suicide-squad-james-gunn-talks-the-creative-freedom-of-that-r-rating/,CONNECTION_ERROR,20250722_145011
Superman (2025 film),https://web.archive.org/web/20231216060845/https://collider.com/superman-legacy-cast-pom-klementieff-miriam-shor/,CONNECTION_ERROR,20250722_145011
Superman (2025 film),https://web.archive.org/web/20221025202021/https://www.hollywoodreporter.com/movies/movie-news/dc-movies-james-gunn-peter-safran-to-lead-film-tv-division-1235248438/,CONNECTION_ERROR,20250722_145011
Superman (2025 film),https://web.archive.org/web/20230222041009/https://www.forbes.com/sites/paultassi/2023/02/20/james-gunn-says-he-was-hired-for-superman-legacy-six-months-ago-raising-cavill-questions/?sh=63baa0516dda,CONNECTION_ERROR,20250722_145011
Superman (2025 film),https://web.archive.org/web/20240212222542/https://comicbook.com/movies/news/isabela-merced-madame-web-didnt-tell-dc-hawkgirl-casting/,CONNECTION_ERROR,20250722_145011
Superman (2025 film),https://web.archive.org/web/20250709092358/https://variety.com/2025/film/reviews/superman-review-james-gunn-david-corenswet-1236444126/,CONNECTION_ERROR,20250722_145011
Superman (2025 film),https://web.archive.org/web/20250711110500/https://www.fiaformulae.com/en/news/753999,CONNECTION_ERROR,20250722_145011
Superman (2025 film),https://web.archive.org/web/20240124014530/https://screenrant.com/superman-legacy-roles-hard-cast-james-gunn/,CONNECTION_ERROR,20250722_145011
Superman (2025 film),https://web.archive.org/web/20240624204118/https://www.cleveland.com/entertainment/2024/06/its-a-bird-its-a-plane-no-its-superman-strolling-the-streets-of-cleveland.html,CONNECTION_ERROR,20250722_145011
Superman (2025 film),https://web.archive.org/web/20230515035444/https://screenrant.com/guardians-galaxy-vol-3-beth-mickle-interview/,CONNECTION_ERROR,20250722_145011
Superman (2025 film),https://x.com/AaronCouch/status/1628883501385932800,403,20250722_145011
Superman (2025 film),https://web.archive.org/web/20230426144145/https://www.hollywoodreporter.com/movies/movie-features/guardians-of-the-galaxy-chris-pratt-cast-saved-james-gunn-1235401687/,CONNECTION_ERROR,20250722_145011
Superman (2025 film),https://web.archive.org/web/20250611181333/https://bleedingcool.com/movies/superman-star-rachel-brosnahan-on-how-the-film-challenged-her/,CONNECTION_ERROR,20250722_145011
Superman (2025 film),https://web.archive.org/web/20250705105108/https://www.thetimes.com/culture/film/article/james-gunn-interview-superman-film-2025-david-corenswet-dhb3bw3rp,CONNECTION_ERROR,20250722_145011
Superman (2025 film),https://web.archive.org/web/20250709143122/https://deadline.com/gallery/superman-world-premiere-red-carpet-photos/,CONNECTION_ERROR,20250722_145011
Superman (2025 film),https://web.archive.org/web/20240315182202/https://collider.com/james-gunn-superman-imax/,CONNECTION_ERROR,20250722_145011
Superman (2025 film),https://web.archive.org/web/20241220235435/https://variety.com/2024/film/news/superman-trailer-views-most-watched-warner-bros-dc-history-1236256816/,CONNECTION_ERROR,20250722_145011
Superman (2025 film),https://web.archive.org/web/20240301005209/https://www.cinemablend.com/superheroes/superman/james-gunn-first-look-david-corenswet-superman-suit-dc-universe-movie-new-title,CONNECTION_ERROR,20250722_145011
Superman (2025 film),https://web.archive.org/web/20231211180625/https://www.thewrap.com/nicholas-hoult-to-play-lex-luthor-in-superman-legacy-james-gunn-confirms/,CONNECTION_ERROR,20250722_145011
Superman (2025 film),https://web.archive.org/web/20250421185230/https://comicbook.com/dc/news/mcfarlane-toys-debuts-a-huge-wave-of-superman-2025-movie-figures/,CONNECTION_ERROR,20250722_145011
Superman (2025 film),https://web.archive.org/web/20240103030643/https://www.comingsoon.net/movies/news/1465856-james-gunn-gives-superman-legacy-casting-preproduction-update,CONNECTION_ERROR,20250722_145011
Superman (2025 film),https://web.archive.org/web/20230601220417/https://variety.com/2023/film/columns/superman-james-gunn-pierson-fode-bold-and-the-beautiful-1235628571/,CONNECTION_ERROR,20250722_145011
Superman (2025 film),https://web.archive.org/web/20250704155212/https://starfreebies.co.uk/free-superman-merch-london-popups/,CONNECTION_ERROR,20250722_145011
Superman (2025 film),https://web.archive.org/web/20250419031908/https://filmmusicreporter.com/2025/04/18/david-fleming-to-compose-music-for-james-gunns-superman/,CONNECTION_ERROR,20250722_145011
Superman (2025 film),https://web.archive.org/web/20171201041327/https://www.cbr.com/amy-adams-confirms-man-of-steel-2-script-is-in-the-works/,CONNECTION_ERROR,20250722_145011
Superman (2025 film),https://web.archive.org/web/20231217030601/https://www.hollywoodreporter.com/movies/movie-news/james-gunn-update-superman-legacy-storyboard-costume-score-1235760908/,CONNECTION_ERROR,20250722_145011
Superman (2025 film),https://web.archive.org/web/20230712061759/https://deadline.com/2023/07/james-gunn-excitement-superman-legacy-explains-green-lantern-guy-gardner-hawkgirl-mister-terrific-1235434964/,CONNECTION_ERROR,20250722_145011
Superman (2025 film),https://web.archive.org/web/20240506163643/https://variety.com/2024/film/news/superman-suit-david-corenswet-costume-james-gunn-1235927192/,CONNECTION_ERROR,20250722_145011
Superman (2025 film),https://web.archive.org/web/20250611192633/https://www.gamesradar.com/entertainment/dc-movies/new-superman-trailer-sees-lex-luthors-hatred-burn-bright-while-the-man-of-steel-is-at-odds-with-the-justice-league/,CONNECTION_ERROR,20250722_145011
Superman (2025 film),https://web.archive.org/web/20221104184457/https://www.ign.com/articles/henry-cavill-reacts-to-james-gunns-dc-studios,CONNECTION_ERROR,20250722_145011
Superman (2025 film),https://archive.today/20250605154817/https://www.hollywoodreporter.com/movies/movie-news/mission-impossible-jurassic-world-superman-box-office-summer-1236255949/,429,20250722_145011
